,rcept_no,reprt_code,bsns_year,corp_code,sj_div,sj_nm,account_id,account_nm,account_detail,thstrm_nm,thstrm_amount,frmtrm_nm,frmtrm_amount,ord,currency,thstrm_add_amount,frmtrm_q_nm,frmtrm_q_amount,frmtrm_add_amount
0,20180814001113,11012,2018,00126380,BS,재무상태표,ifrs_CurrentAssets,유동자산,-,제 50 기 반기말,156976839000000,제 49 기말,146982464000000,1,KRW,,,,
1,20180814001113,11012,2018,00126380,BS,재무상태표,ifrs_CashAndCashEquivalents,현금및현금성자산,-,제 50 기 반기말,31362222000000,제 49 기말,30545130000000,2,KRW,,,,
2,20180814001113,11012,2018,00126380,BS,재무상태표,dart_ShortTermDepositsNotClassifiedAsCashEquivalents,단기금융상품,-,제 50 기 반기말,48717141000000,제 49 기말,49447696000000,3,KRW,,,,
3,20180814001113,11012,2018,00126380,BS,재무상태표,-표준계정코드 미사용-,단기매도가능금융자산,-,제 50 기 반기말,,제 49 기말,3191375000000,4,KRW,,,,
4,20180814001113,11012,2018,00126380,BS,재무상태표,-표준계정코드 미사용-,단기상각후원가금융자산,-,제 50 기 반기말,3896630000000,제 49 기말,,5,KRW,,,,
5,20180814001113,11012,2018,00126380,BS,재무상태표,dart_ShortTermTradeReceivable,매출채권,-,제 50 기 반기말,35013060000000,제 49 기말,27695995000000,6,KRW,,,,
6,20180814001113,11012,2018,00126380,BS,재무상태표,-표준계정코드 미사용-,미수금,-,제 50 기 반기말,3133430000000,제 49 기말,4108961000000,7,KRW,,,,
7,20180814001113,11012,2018,00126380,BS,재무상태표,-표준계정코드 미사용-,선급금,-,제 50 기 반기말,1505459000000,제 49 기말,1753673000000,8,KRW,,,,
8,20180814001113,11012,2018,00126380,BS,재무상태표,-표준계정코드 미사용-,선급비용,-,제 50 기 반기말,4195934000000,제 49 기말,3835219000000,9,KRW,,,,
9,20180814001113,11012,2018,00126380,BS,재무상태표,ifrs_Inventories,재고자산,-,제 50 기 반기말,27358767000000,제 49 기말,24983355000000,10,KRW,,,,
10,20180814001113,11012,2018,00126380,BS,재무상태표,dart_OtherCurrentAssets,기타유동자산,-,제 50 기 반기말,1794196000000,제 49 기말,1421060000000,11,KRW,,,,
11,20180814001113,11012,2018,00126380,BS,재무상태표,ifrs_NoncurrentAssets,비유동자산,-,제 50 기 반기말,161711541000000,제 49 기말,154769626000000,12,KRW,,,,
12,20180814001113,11012,2018,00126380,BS,재무상태표,dart_LongTermDepositsNotClassifiedAsCashEquivalents,장기매도가능금융자산,-,제 50 기 반기말,,제 49 기말,7752180000000,13,KRW,,,,
13,20180814001113,11012,2018,00126380,BS,재무상태표,-표준계정코드 미사용-,만기보유금융자산,-,제 50 기 반기말,,제 49 기말,106751000000,14,KRW,,,,
14,20180814001113,11012,2018,00126380,BS,재무상태표,-표준계정코드 미사용-,상각후원가금융자산,-,제 50 기 반기말,242269000000,제 49 기말,,15,KRW,,,,
15,20180814001113,11012,2018,00126380,BS,재무상태표,-표준계정코드 미사용-,기타포괄손익-공정가치금융자산,-,제 50 기 반기말,7436535000000,제 49 기말,,16,KRW,,,,
16,20180814001113,11012,2018,00126380,BS,재무상태표,-표준계정코드 미사용-,당기손익-공정가치금융자산,-,제 50 기 반기말,650775000000,제 49 기말,,17,KRW,,,,
17,20180814001113,11012,2018,00126380,BS,재무상태표,-표준계정코드 미사용-,관계기업 및 공동기업 투자,-,제 50 기 반기말,6894955000000,제 49 기말,6802351000000,18,KRW,,,,
18,20180814001113,11012,2018,00126380,BS,재무상태표,ifrs_PropertyPlantAndEquipment,유형자산,-,제 50 기 반기말,116576140000000,제 49 기말,111665648000000,19,KRW,,,,
19,20180814001113,11012,2018,00126380,BS,재무상태표,ifrs_InvestmentProperty,무형자산,-,제 50 기 반기말,14999464000000,제 49 기말,14760483000000,20,KRW,,,,
20,20180814001113,11012,2018,00126380,BS,재무상태표,dart_LongTermPrepaidExpenses,장기선급비용,-,제 50 기 반기말,3621923000000,제 49 기말,3434375000000,21,KRW,,,,
21,20180814001113,11012,2018,00126380,BS,재무상태표,dart_DepositsForSeveranceInsurance,순확정급여자산,-,제 50 기 반기말,458843000000,제 49 기말,825892000000,22,KRW,,,,
22,20180814001113,11012,2018,00126380,BS,재무상태표,ifrs_DeferredTaxAssets,이연법인세자산,-,제 50 기 반기말,5006713000000,제 49 기말,5061687000000,23,KRW,,,,
23,20180814001113,11012,2018,00126380,BS,재무상태표,dart_OtherNonCurrentAssets,기타비유동자산,-,제 50 기 반기말,5823924000000,제 49 기말,4360259000000,24,KRW,,,,
24,20180814001113,11012,2018,00126380,BS,재무상태표,ifrs_Assets,자산총계,-,제 50 기 반기말,318688380000000,제 49 기말,301752090000000,25,KRW,,,,
25,20180814001113,11012,2018,00126380,BS,재무상태표,ifrs_CurrentLiabilities,유동부채,-,제 50 기 반기말,65602323000000,제 49 기말,67175114000000,27,KRW,,,,
26,20180814001113,11012,2018,00126380,BS,재무상태표,-표준계정코드 미사용-,매입채무,-,제 50 기 반기말,8410278000000,제 49 기말,9083907000000,28,KRW,,,,
27,20180814001113,11012,2018,00126380,BS,재무상태표,ifrs_ShorttermBorrowings,단기차입금,-,제 50 기 반기말,13176014000000,제 49 기말,15767619000000,29,KRW,,,,
28,20180814001113,11012,2018,00126380,BS,재무상태표,-표준계정코드 미사용-,미지급금,-,제 50 기 반기말,9591396000000,제 49 기말,13899633000000,30,KRW,,,,
29,20180814001113,11012,2018,00126380,BS,재무상태표,-표준계정코드 미사용-,선수금,-,제 50 기 반기말,889635000000,제 49 기말,1249174000000,31,KRW,,,,
30,20180814001113,11012,2018,00126380,BS,재무상태표,-표준계정코드 미사용-,예수금,-,제 50 기 반기말,858379000000,제 49 기말,793582000000,32,KRW,,,,
31,20180814001113,11012,2018,00126380,BS,재무상태표,-표준계정코드 미사용-,미지급비용,-,제 50 기 반기말,16887561000000,제 49 기말,13996273000000,33,KRW,,,,
32,20180814001113,11012,2018,00126380,BS,재무상태표,dart_PaymentsOfIncomeTaxesPayable,미지급법인세,-,제 50 기 반기말,7063097000000,제 49 기말,7408348000000,34,KRW,,,,
33,20180814001113,11012,2018,00126380,BS,재무상태표,-표준계정코드 미사용-,유동성장기부채,-,제 50 기 반기말,1859552000000,제 49 기말,278619000000,35,KRW,,,,
34,20180814001113,11012,2018,00126380,BS,재무상태표,ifrs_CurrentProvisions,충당부채,-,제 50 기 반기말,5959646000000,제 49 기말,4294820000000,36,KRW,,,,
35,20180814001113,11012,2018,00126380,BS,재무상태표,dart_OtherCurrentLiabilities,기타유동부채,-,제 50 기 반기말,906765000000,제 49 기말,403139000000,37,KRW,,,,
36,20180814001113,11012,2018,00126380,BS,재무상태표,ifrs_NoncurrentLiabilities,비유동부채,-,제 50 기 반기말,19961212000000,제 49 기말,20085548000000,38,KRW,,,,
37,20180814001113,11012,2018,00126380,BS,재무상태표,dart_BondsIssued,사채,-,제 50 기 반기말,978754000000,제 49 기말,953361000000,39,KRW,,,,
38,20180814001113,11012,2018,00126380,BS,재무상태표,dart_LongTermBorrowingsGross,장기차입금,-,제 50 기 반기말,92635000000,제 49 기말,1814446000000,40,KRW,,,,
39,20180814001113,11012,2018,00126380,BS,재무상태표,dart_LongTermOtherPayablesGross,장기미지급금,-,제 50 기 반기말,1957733000000,제 49 기말,2043729000000,41,KRW,,,,
40,20180814001113,11012,2018,00126380,BS,재무상태표,dart_PostemploymentBenefitObligations,순확정급여부채,-,제 50 기 반기말,478650000000,제 49 기말,389922000000,42,KRW,,,,
41,20180814001113,11012,2018,00126380,BS,재무상태표,ifrs_DeferredTaxLiabilities,이연법인세부채,-,제 50 기 반기말,13186358000000,제 49 기말,11710781000000,43,KRW,,,,
42,20180814001113,11012,2018,00126380,BS,재무상태표,dart_LongTermTradeAndOtherNonCurrentPayables,장기충당부채,-,제 50 기 반기말,581119000000,제 49 기말,464324000000,44,KRW,,,,
43,20180814001113,11012,2018,00126380,BS,재무상태표,dart_OtherNonCurrentLiabilities,기타비유동부채,-,제 50 기 반기말,2685963000000,제 49 기말,2708985000000,45,KRW,,,,
44,20180814001113,11012,2018,00126380,BS,재무상태표,ifrs_Liabilities,부채총계,-,제 50 기 반기말,85563535000000,제 49 기말,87260662000000,46,KRW,,,,
45,20180814001113,11012,2018,00126380,BS,재무상태표,ifrs_EquityAttributableToOwnersOfParent,지배기업 소유주지분,-,제 50 기 반기말,225671417000000,제 49 기말,207213416000000,48,KRW,,,,
46,20180814001113,11012,2018,00126380,BS,재무상태표,ifrs_IssuedCapital,자본금,-,제 50 기 반기말,897514000000,제 49 기말,897514000000,49,KRW,,,,
47,20180814001113,11012,2018,00126380,BS,재무상태표,dart_IssuedCapitalOfPreferredStock,우선주자본금,-,제 50 기 반기말,119467000000,제 49 기말,119467000000,50,KRW,,,,
48,20180814001113,11012,2018,00126380,BS,재무상태표,dart_IssuedCapitalOfCommonStock,보통주자본금,-,제 50 기 반기말,778047000000,제 49 기말,778047000000,51,KRW,,,,
49,20180814001113,11012,2018,00126380,BS,재무상태표,ifrs_SharePremium,주식발행초과금,-,제 50 기 반기말,4403893000000,제 49 기말,4403893000000,52,KRW,,,,
50,20180814001113,11012,2018,00126380,BS,재무상태표,ifrs_RetainedEarnings,이익잉여금,-,제 50 기 반기말,231065173000000,제 49 기말,215811200000000,53,KRW,,,,
51,20180814001113,11012,2018,00126380,BS,재무상태표,dart_ElementsOfOtherStockholdersEquity,기타자본항목,-,제 50 기 반기말,-10695163000000,제 49 기말,-13899191000000,54,KRW,,,,
52,20180814001113,11012,2018,00126380,BS,재무상태표,ifrs_NoncontrollingInterests,비지배지분,-,제 50 기 반기말,7453428000000,제 49 기말,7278012000000,55,KRW,,,,
53,20180814001113,11012,2018,00126380,BS,재무상태표,ifrs_Equity,자본총계,-,제 50 기 반기말,233124845000000,제 49 기말,214491428000000,56,KRW,,,,
54,20180814001113,11012,2018,00126380,BS,재무상태표,ifrs_EquityAndLiabilities,자본과부채총계,-,제 50 기 반기말,318688380000000,제 49 기말,301752090000000,57,KRW,,,,
55,20180814001113,11012,2018,00126380,IS,손익계산서,ifrs_Revenue,수익(매출액),-,제 50 기 반기,58482658000000,,,0,KRW,119046372000000,제 49 기 반기,61000537000000,111548063000000
56,20180814001113,11012,2018,00126380,IS,손익계산서,ifrs_CostOfSales,매출원가,-,제 50 기 반기,31274597000000,,,1,KRW,63184069000000,제 49 기 반기,32399829000000,60555426000000
57,20180814001113,11012,2018,00126380,IS,손익계산서,ifrs_GrossProfit,매출총이익,-,제 50 기 반기,27208061000000,,,2,KRW,55862303000000,제 49 기 반기,28600708000000,50992637000000
58,20180814001113,11012,2018,00126380,IS,손익계산서,dart_TotalSellingGeneralAdministrativeExpenses,판매비와관리비,-,제 50 기 반기,12339026000000,,,3,KRW,25351098000000,제 49 기 반기,14534161000000,27027729000000
59,20180814001113,11012,2018,00126380,IS,손익계산서,dart_OperatingIncomeLoss,영업이익(손실),-,제 50 기 반기,14869035000000,,,4,KRW,30511205000000,제 49 기 반기,14066547000000,23964908000000
60,20180814001113,11012,2018,00126380,IS,손익계산서,dart_OtherGains,기타수익,-,제 50 기 반기,367588000000,,,5,KRW,738564000000,제 49 기 반기,344215000000,660638000000
61,20180814001113,11012,2018,00126380,IS,손익계산서,dart_OtherLosses,기타비용,-,제 50 기 반기,222409000000,,,6,KRW,467672000000,제 49 기 반기,223405000000,500639000000
62,20180814001113,11012,2018,00126380,IS,손익계산서,-표준계정코드 미사용-,지분법이익,-,제 50 기 반기,106307000000,,,7,KRW,170671000000,제 49 기 반기,22353000000,41691000000
63,20180814001113,11012,2018,00126380,IS,손익계산서,ifrs_FinanceIncome,금융수익,-,제 50 기 반기,3119060000000,,,8,KRW,5402260000000,제 49 기 반기,1727174000000,3824326000000
64,20180814001113,11012,2018,00126380,IS,손익계산서,-표준계정코드 미사용-,금융비용,-,제 50 기 반기,2832745000000,,,9,KRW,4772285000000,제 49 기 반기,1524619000000,3414083000000
65,20180814001113,11012,2018,00126380,IS,손익계산서,ifrs_ProfitLossBeforeTax,법인세비용차감전순이익(손실),-,제 50 기 반기,15406836000000,,,10,KRW,31582743000000,제 49 기 반기,14412265000000,24576841000000
66,20180814001113,11012,2018,00126380,IS,손익계산서,ifrs_IncomeTaxExpenseContinuingOperations,법인세비용,-,제 50 기 반기,4363424000000,,,11,KRW,8850787000000,제 49 기 반기,3358414000000,5838636000000
67,20180814001113,11012,2018,00126380,IS,손익계산서,ifrs_ProfitLossFromContinuingOperations,계속영업이익(손실),-,제 50 기 반기,11043412000000,,,12,KRW,22731956000000,제 49 기 반기,11053851000000,18738205000000
68,20180814001113,11012,2018,00126380,IS,손익계산서,ifrs_ProfitLoss,당기순이익(손실),-,제 50 기 반기,11043412000000,,,13,KRW,22731956000000,제 49 기 반기,11053851000000,18738205000000
69,20180814001113,11012,2018,00126380,IS,손익계산서,ifrs_ProfitLossAttributableToOwnersOfParent,지배기업의 소유주에게 귀속되는 당기순이익(손실),-,제 50 기 반기,10981547000000,,,15,KRW,22593380000000,제 49 기 반기,10799942000000,18288474000000
70,20180814001113,11012,2018,00126380,IS,손익계산서,ifrs_ProfitLossAttributableToNoncontrollingInterests,비지배지분에 귀속되는 당기순이익(손실),-,제 50 기 반기,61865000000,,,16,KRW,138576000000,제 49 기 반기,253909000000,449731000000
71,20180814001113,11012,2018,00126380,IS,손익계산서,ifrs_BasicEarningsLossPerShare,기본주당이익(손실),-,제 50 기 반기,1617,,,18,KRW,3325,제 49 기 반기,1560,2632
72,20180814001113,11012,2018,00126380,IS,손익계산서,ifrs_DilutedEarningsLossPerShare,희석주당이익(손실),-,제 50 기 반기,1617,,,19,KRW,3325,제 49 기 반기,1560,2632
73,20180814001113,11012,2018,00126380,CIS,포괄손익계산서,ifrs_ProfitLoss,당기순이익(손실),-,제 50 기 반기,11043412000000,,,0,KRW,22731956000000,제 49 기 반기,11053851000000,18738205000000
74,20180814001113,11012,2018,00126380,CIS,포괄손익계산서,ifrs_OtherComprehensiveIncome,기타포괄손익,-,제 50 기 반기,1226240000000,,,1,KRW,2149092000000,제 49 기 반기,2968436000000,-1963613000000
75,20180814001113,11012,2018,00126380,CIS,포괄손익계산서,dart_OtherComprehensiveIncomeThatWillNotBeReclassifiedToProfitOrLossNetOfTax,후속적으로 당기손익으로 재분류되지 않는 포괄손익,-,제 50 기 반기,25783000000,,,2,KRW,-151611000000,제 49 기 반기,-18945000000,-58159000000
76,20180814001113,11012,2018,00126380,CIS,포괄손익계산서,-표준계정코드 미사용-,기타포괄손익-공정가치금융자산평가손익,-,제 50 기 반기,76999000000,,,3,KRW,-97885000000,제 49 기 반기,,
77,20180814001113,11012,2018,00126380,CIS,포괄손익계산서,dart_ShareOfOtherComprehensiveIncomeOfAssociatesAndJointVenturesAccountedForUsingEquityMethodThatWillNotBeReclassifiedToProfitOrLossNetOfTax,관계기업 및 공동기업의 기타포괄손익에 대한 지분,-,제 50 기 반기,-32047000000,,,4,KRW,1324000000,제 49 기 반기,-1192000000,-1308000000
78,20180814001113,11012,2018,00126380,CIS,포괄손익계산서,dart_OtherComprehensiveIncomeNetOfTaxGainsLossesOnRemeasurementsOfDefinedBenefitPlans,순확정급여부채 재측정요소,-,제 50 기 반기,-19169000000,,,5,KRW,-55050000000,제 49 기 반기,-17753000000,-56851000000
79,20180814001113,11012,2018,00126380,CIS,포괄손익계산서,dart_OtherComprehensiveIncomeThatWillBeReclassifiedToProfitOrLossNetOfTax,후속적으로 당기손익으로 재분류되는 포괄손익,-,제 50 기 반기,1200457000000,,,6,KRW,2300703000000,제 49 기 반기,2987381000000,-1905454000000
80,20180814001113,11012,2018,00126380,CIS,포괄손익계산서,ifrs_GainsLossesOnRemeasuringAvailableforsaleFinancialAssetsNetOfTax,매도가능금융자산평가손익,-,제 50 기 반기,,,,7,KRW,,제 49 기 반기,340151000000,505306000000
81,20180814001113,11012,2018,00126380,CIS,포괄손익계산서,dart_ShareOfOtherComprehensiveIncomeOfAssociatesAndJointVenturesAccountedForUsingEquityMethodThatWillBeReclassifiedToProfitOrLossNetOfTax,관계기업 및 공동기업의 기타포괄손익에 대한 지분,-,제 50 기 반기,16239000000,,,8,KRW,38525000000,제 49 기 반기,69582000000,14230000000
82,20180814001113,11012,2018,00126380,CIS,포괄손익계산서,ifrs_GainsLossesOnHedgesOfNetInvestmentsInForeignOperationsNetOfTax,해외사업장환산외환차이,-,제 50 기 반기,1137662000000,,,9,KRW,2224931000000,제 49 기 반기,2628939000000,-2380295000000
83,20180814001113,11012,2018,00126380,CIS,포괄손익계산서,ifrs_GainsLossesOnCashFlowHedgesNetOfTax,현금흐름위험회피파생상품평가손익,-,제 50 기 반기,46556000000,,,10,KRW,37247000000,제 49 기 반기,-51291000000,-44695000000
84,20180814001113,11012,2018,00126380,CIS,포괄손익계산서,ifrs_ComprehensiveIncome,총포괄손익,-,제 50 기 반기,12269652000000,,,11,KRW,24881048000000,제 49 기 반기,14022287000000,16774592000000
85,20180814001113,11012,2018,00126380,CIS,포괄손익계산서,ifrs_ComprehensiveIncomeAttributableToOwnersOfParent,지배기업 소유주지분,-,제 50 기 반기,12188562000000,,,13,KRW,24705412000000,제 49 기 반기,13675417000000,16266746000000
86,20180814001113,11012,2018,00126380,CIS,포괄손익계산서,ifrs_ComprehensiveIncomeAttributableToNoncontrollingInterests,비지배지분,-,제 50 기 반기,81090000000,,,14,KRW,175636000000,제 49 기 반기,346870000000,507846000000
87,20180814001113,11012,2018,00126380,CF,현금흐름표,ifrs_CashFlowsFromUsedInOperatingActivities,영업활동 현금흐름,-,제 50 기 반기,29054126000000,,,0,KRW,,제 49 기 반기,23023433000000,
88,20180814001113,11012,2018,00126380,CF,현금흐름표,-표준계정코드 미사용-,영업에서 창출된 현금흐름,-,제 50 기 반기,36297976000000,,,1,KRW,,제 49 기 반기,26735306000000,
89,20180814001113,11012,2018,00126380,CF,현금흐름표,-표준계정코드 미사용-,당기순이익,-,제 50 기 반기,22731956000000,,,2,KRW,,제 49 기 반기,18738205000000,
90,20180814001113,11012,2018,00126380,CF,현금흐름표,-표준계정코드 미사용-,조정,-,제 50 기 반기,21907443000000,,,3,KRW,,제 49 기 반기,16849218000000,
91,20180814001113,11012,2018,00126380,CF,현금흐름표,-표준계정코드 미사용-,영업활동으로 인한 자산부채의 변동,-,제 50 기 반기,-8341423000000,,,4,KRW,,제 49 기 반기,-8852117000000,
92,20180814001113,11012,2018,00126380,CF,현금흐름표,ifrs_InterestReceivedClassifiedAsOperatingActivities,이자의 수취,-,제 50 기 반기,779529000000,,,5,KRW,,제 49 기 반기,855926000000,
93,20180814001113,11012,2018,00126380,CF,현금흐름표,ifrs_InterestPaidClassifiedAsOperatingActivities,이자의 지급,-,제 50 기 반기,208024000000,,,6,KRW,,제 49 기 반기,234578000000,
94,20180814001113,11012,2018,00126380,CF,현금흐름표,ifrs_DividendsReceivedClassifiedAsOperatingActivities,배당금 수입,-,제 50 기 반기,156669000000,,,7,KRW,,제 49 기 반기,116632000000,
95,20180814001113,11012,2018,00126380,CF,현금흐름표,ifrs_IncomeTaxesPaidRefundClassifiedAsOperatingActivities,법인세 납부액,-,제 50 기 반기,7972024000000,,,8,KRW,,제 49 기 반기,4449853000000,
96,20180814001113,11012,2018,00126380,CF,현금흐름표,ifrs_CashFlowsFromUsedInInvestingActivities,투자활동 현금흐름,-,제 50 기 반기,-19555075000000,,,9,KRW,,제 49 기 반기,-16102722000000,
97,20180814001113,11012,2018,00126380,CF,현금흐름표,-표준계정코드 미사용-,단기금융상품의 순감소,-,제 50 기 반기,1212089000000,,,10,KRW,,제 49 기 반기,14228691000000,
98,20180814001113,11012,2018,00126380,CF,현금흐름표,-표준계정코드 미사용-,단기매도가능금융자산의 처분,-,제 50 기 반기,,,,11,KRW,,제 49 기 반기,141491000000,
99,20180814001113,11012,2018,00126380,CF,현금흐름표,-표준계정코드 미사용-,단기상각후원가금융자산의 취득,-,제 50 기 반기,-617411000000,,,12,KRW,,제 49 기 반기,,
100,20180814001113,11012,2018,00126380,CF,현금흐름표,dart_ProceedsFromSalesOfLongTermFinancialInstruments,장기금융상품의 처분,-,제 50 기 반기,116265000000,,,13,KRW,,제 49 기 반기,18427000000,
101,20180814001113,11012,2018,00126380,CF,현금흐름표,dart_PurchaseOfLongTermFinancialInstruments,장기금융상품의 취득,-,제 50 기 반기,1571571000000,,,14,KRW,,제 49 기 반기,632632000000,
102,20180814001113,11012,2018,00126380,CF,현금흐름표,dart_ProceedsFromSalesOfNonCurrentAvailableForSaleFinancialAssets,장기매도가능금융자산의 처분,-,제 50 기 반기,,,,15,KRW,,제 49 기 반기,158960000000,
103,20180814001113,11012,2018,00126380,CF,현금흐름표,dart_PurchaseOfNonCurrentAvailableForSaleFinancialAssets,장기매도가능금융자산의 취득,-,제 50 기 반기,,,,16,KRW,,제 49 기 반기,149752000000,
104,20180814001113,11012,2018,00126380,CF,현금흐름표,-표준계정코드 미사용-,상각후원가금융자산의 취득,-,제 50 기 반기,-158716000000,,,17,KRW,,제 49 기 반기,,
105,20180814001113,11012,2018,00126380,CF,현금흐름표,-표준계정코드 미사용-,기타포괄손익-공정가치금융자산의 처분,-,제 50 기 반기,2230000000,,,18,KRW,,제 49 기 반기,,
106,20180814001113,11012,2018,00126380,CF,현금흐름표,-표준계정코드 미사용-,기타포괄손익-공정가치금융자산의 취득,-,제 50 기 반기,-317963000000,,,19,KRW,,제 49 기 반기,,
107,20180814001113,11012,2018,00126380,CF,현금흐름표,-표준계정코드 미사용-,당기손익-공정가치금융자산의 처분,-,제 50 기 반기,33536000000,,,20,KRW,,제 49 기 반기,,
108,20180814001113,11012,2018,00126380,CF,현금흐름표,-표준계정코드 미사용-,당기손익-공정가치금융자산의 취득,-,제 50 기 반기,-78004000000,,,21,KRW,,제 49 기 반기,,
109,20180814001113,11012,2018,00126380,CF,현금흐름표,-표준계정코드 미사용-,관계기업 및 공동기업 투자의 처분,-,제 50 기 반기,148000000,,,22,KRW,,제 49 기 반기,356087000000,
110,20180814001113,11012,2018,00126380,CF,현금흐름표,-표준계정코드 미사용-,관계기업 및 공동기업 투자의 취득,-,제 50 기 반기,-17137000000,,,23,KRW,,제 49 기 반기,-12850000000,
111,20180814001113,11012,2018,00126380,CF,현금흐름표,ifrs_ProceedsFromSalesOfPropertyPlantAndEquipmentClassifiedAsInvestingActivities,유형자산의 처분,-,제 50 기 반기,318599000000,,,24,KRW,,제 49 기 반기,74551000000,
112,20180814001113,11012,2018,00126380,CF,현금흐름표,ifrs_PurchaseOfPropertyPlantAndEquipmentClassifiedAsInvestingActivities,유형자산의 취득,-,제 50 기 반기,18102717000000,,,25,KRW,,제 49 기 반기,21144265000000,
113,20180814001113,11012,2018,00126380,CF,현금흐름표,ifrs_ProceedsFromSalesOfIntangibleAssetsClassifiedAsInvestingActivities,무형자산의 처분,-,제 50 기 반기,10004000000,,,26,KRW,,제 49 기 반기,889000000,
114,20180814001113,11012,2018,00126380,CF,현금흐름표,ifrs_PurchaseOfIntangibleAssetsClassifiedAsInvestingActivities,무형자산의 취득,-,제 50 기 반기,477055000000,,,27,KRW,,제 49 기 반기,410758000000,
115,20180814001113,11012,2018,00126380,CF,현금흐름표,-표준계정코드 미사용-,사업결합으로 인한 현금유출액,-,제 50 기 반기,-19140000000,,,28,KRW,,제 49 기 반기,-8624973000000,
116,20180814001113,11012,2018,00126380,CF,현금흐름표,-표준계정코드 미사용-,현금의 기타유출입,-,제 50 기 반기,111768000000,,,29,KRW,,제 49 기 반기,-106588000000,
117,20180814001113,11012,2018,00126380,CF,현금흐름표,ifrs_CashFlowsFromUsedInFinancingActivities,재무활동 현금흐름,-,제 50 기 반기,-9320446000000,,,30,KRW,,제 49 기 반기,-9171406000000,
118,20180814001113,11012,2018,00126380,CF,현금흐름표,-표준계정코드 미사용-,단기차입금의 순(감소)증가,-,제 50 기 반기,-2845304000000,,,31,KRW,,제 49 기 반기,289091000000,
119,20180814001113,11012,2018,00126380,CF,현금흐름표,dart_AcquisitionOfTreasuryShares,자기주식의 취득,-,제 50 기 반기,875111000000,,,32,KRW,,제 49 기 반기,4214232000000,
120,20180814001113,11012,2018,00126380,CF,현금흐름표,dart_ProceedsFromLongTermBorrowings,사채 및 장기차입금의 차입,-,제 50 기 반기,3410000000,,,33,KRW,,제 49 기 반기,692445000000,
121,20180814001113,11012,2018,00126380,CF,현금흐름표,dart_RepaymentsOfLongTermBorrowings,사채 및 장기차입금의 상환,-,제 50 기 반기,267750000000,,,34,KRW,,제 49 기 반기,1121754000000,
122,20180814001113,11012,2018,00126380,CF,현금흐름표,ifrs_DividendsPaidClassifiedAsFinancingActivities,배당금 지급,-,제 50 기 반기,5338747000000,,,35,KRW,,제 49 기 반기,4823973000000,
123,20180814001113,11012,2018,00126380,CF,현금흐름표,-표준계정코드 미사용-,비지배지분의 증감,-,제 50 기 반기,3056000000,,,36,KRW,,제 49 기 반기,7017000000,
124,20180814001113,11012,2018,00126380,CF,현금흐름표,ifrs_EffectOfExchangeRateChangesOnCashAndCashEquivalents,외화환산으로 인한 현금의 변동,-,제 50 기 반기,638487000000,,,37,KRW,,제 49 기 반기,-853661000000,
125,20180814001113,11012,2018,00126380,CF,현금흐름표,ifrs_IncreaseDecreaseInCashAndCashEquivalents,현금 및 현금성자산의 증가(감소),-,제 50 기 반기,817092000000,,,38,KRW,,제 49 기 반기,-3104356000000,
126,20180814001113,11012,2018,00126380,CF,현금흐름표,dart_CashAndCashEquivalentsAtBeginningOfPeriodCf,기초 현금 및 현금성자산,-,제 50 기 반기,30545130000000,,,39,KRW,,제 49 기 반기,32111442000000,
127,20180814001113,11012,2018,00126380,CF,현금흐름표,dart_CashAndCashEquivalentsAtEndOfPeriodCf,기말 현금 및 현금성자산,-,제 50 기 반기,31362222000000,,,40,KRW,,제 49 기 반기,29007086000000,
128,20180814001113,11012,2018,00126380,SCE,자본변동표,dart_EquityAtBeginningOfPeriod,기초자본,연결재무제표 [member],제 50 기 반기,214491428000000,,,1,KRW,,제 49 기 반기,192963033000000,
129,20180814001113,11012,2018,00126380,SCE,자본변동표,dart_EquityAtBeginningOfPeriod,기초자본,자본 [member]|비지배지분 [member],제 50 기 반기,7278012000000,,,1,KRW,,제 49 기 반기,6538705000000,
130,20180814001113,11012,2018,00126380,SCE,자본변동표,dart_EquityAtBeginningOfPeriod,기초자본,자본 [member]|지배기업 소유주지분,제 50 기 반기,207213416000000,,,1,KRW,,제 49 기 반기,186424328000000,
131,20180814001113,11012,2018,00126380,SCE,자본변동표,dart_EquityAtBeginningOfPeriod,기초자본,자본 [member]|지배기업 소유주지분|기타자본항목,제 50 기 반기,-13899191000000,,,1,KRW,,제 49 기 반기,-11934586000000,
132,20180814001113,11012,2018,00126380,SCE,자본변동표,dart_EquityAtBeginningOfPeriod,기초자본,자본 [member]|지배기업 소유주지분|매각예정분류기타자본항목,제 50 기 반기,,,,1,KRW,,제 49 기 반기,-28810000000,
133,20180814001113,11012,2018,00126380,SCE,자본변동표,dart_EquityAtBeginningOfPeriod,기초자본,자본 [member]|지배기업 소유주지분|이익잉여금 [member],제 50 기 반기,215811200000000,,,1,KRW,,제 49 기 반기,193086317000000,
134,20180814001113,11012,2018,00126380,SCE,자본변동표,dart_EquityAtBeginningOfPeriod,기초자본,자본 [member]|지배기업 소유주지분|자본금 [member],제 50 기 반기,897514000000,,,1,KRW,,제 49 기 반기,897514000000,
135,20180814001113,11012,2018,00126380,SCE,자본변동표,dart_EquityAtBeginningOfPeriod,기초자본,자본 [member]|지배기업 소유주지분|주식발행초과금,제 50 기 반기,4403893000000,,,1,KRW,,제 49 기 반기,4403893000000,
136,20180814001113,11012,2018,00126380,SCE,자본변동표,ifrs_IncreaseDecreaseThroughChangesInAccountingPolicies,회계정책변경누적효과,연결재무제표 [member],제 50 기 반기,-41558000000,,,2,KRW,,제 49 기 반기,,
137,20180814001113,11012,2018,00126380,SCE,자본변동표,ifrs_IncreaseDecreaseThroughChangesInAccountingPolicies,회계정책변경누적효과,자본 [member]|지배기업 소유주지분,제 50 기 반기,-41558000000,,,2,KRW,,제 49 기 반기,,
138,20180814001113,11012,2018,00126380,SCE,자본변동표,ifrs_IncreaseDecreaseThroughChangesInAccountingPolicies,회계정책변경누적효과,자본 [member]|지배기업 소유주지분|기타자본항목,제 50 기 반기,-261734000000,,,2,KRW,,제 49 기 반기,,
139,20180814001113,11012,2018,00126380,SCE,자본변동표,ifrs_IncreaseDecreaseThroughChangesInAccountingPolicies,회계정책변경누적효과,자본 [member]|지배기업 소유주지분|이익잉여금 [member],제 50 기 반기,220176000000,,,2,KRW,,제 49 기 반기,,
140,20180814001113,11012,2018,00126380,SCE,자본변동표,-표준계정코드 미사용-,수정후 기초자본,연결재무제표 [member],제 50 기 반기,214449870000000,,,3,KRW,,제 49 기 반기,192963033000000,
141,20180814001113,11012,2018,00126380,SCE,자본변동표,-표준계정코드 미사용-,수정후 기초자본,자본 [member]|비지배지분 [member],제 50 기 반기,7278012000000,,,3,KRW,,제 49 기 반기,6538705000000,
142,20180814001113,11012,2018,00126380,SCE,자본변동표,-표준계정코드 미사용-,수정후 기초자본,자본 [member]|지배기업 소유주지분,제 50 기 반기,207171858000000,,,3,KRW,,제 49 기 반기,186424328000000,
143,20180814001113,11012,2018,00126380,SCE,자본변동표,-표준계정코드 미사용-,수정후 기초자본,자본 [member]|지배기업 소유주지분|기타자본항목,제 50 기 반기,-14160925000000,,,3,KRW,,제 49 기 반기,-11934586000000,
144,20180814001113,11012,2018,00126380,SCE,자본변동표,-표준계정코드 미사용-,수정후 기초자본,자본 [member]|지배기업 소유주지분|매각예정분류기타자본항목,제 50 기 반기,,,,3,KRW,,제 49 기 반기,-28810000000,
145,20180814001113,11012,2018,00126380,SCE,자본변동표,-표준계정코드 미사용-,수정후 기초자본,자본 [member]|지배기업 소유주지분|이익잉여금 [member],제 50 기 반기,216031376000000,,,3,KRW,,제 49 기 반기,193086317000000,
146,20180814001113,11012,2018,00126380,SCE,자본변동표,-표준계정코드 미사용-,수정후 기초자본,자본 [member]|지배기업 소유주지분|자본금 [member],제 50 기 반기,897514000000,,,3,KRW,,제 49 기 반기,897514000000,
147,20180814001113,11012,2018,00126380,SCE,자본변동표,-표준계정코드 미사용-,수정후 기초자본,자본 [member]|지배기업 소유주지분|주식발행초과금,제 50 기 반기,4403893000000,,,3,KRW,,제 49 기 반기,4403893000000,
148,20180814001113,11012,2018,00126380,SCE,자본변동표,ifrs_ProfitLoss,당기순이익(손실),연결재무제표 [member],제 50 기 반기,11043412000000,,,4,KRW,,제 49 기 반기,11053851000000,
149,20180814001113,11012,2018,00126380,SCE,자본변동표,ifrs_ProfitLoss,당기순이익(손실),자본 [member]|비지배지분 [member],제 50 기 반기,138576000000,,,4,KRW,,제 49 기 반기,449731000000,
150,20180814001113,11012,2018,00126380,SCE,자본변동표,ifrs_ProfitLoss,당기순이익(손실),자본 [member]|지배기업 소유주지분,제 50 기 반기,22593380000000,,,4,KRW,,제 49 기 반기,18288474000000,
151,20180814001113,11012,2018,00126380,SCE,자본변동표,ifrs_ProfitLoss,당기순이익(손실),자본 [member]|지배기업 소유주지분|이익잉여금 [member],제 50 기 반기,22593380000000,,,4,KRW,,제 49 기 반기,18288474000000,
152,20180814001113,11012,2018,00126380,SCE,자본변동표,dart_ChangesInReserveOfGainsAndLossesOnFinancialAssetsMeasuredAtFairValueThroughOtherComprehensiveIncome,기타포괄손익-공정가치 측정 금융자산 평가손익,연결재무제표 [member],제 50 기 반기,-97885000000,,,5,KRW,,제 49 기 반기,,
153,20180814001113,11012,2018,00126380,SCE,자본변동표,dart_ChangesInReserveOfGainsAndLossesOnFinancialAssetsMeasuredAtFairValueThroughOtherComprehensiveIncome,기타포괄손익-공정가치 측정 금융자산 평가손익,자본 [member]|비지배지분 [member],제 50 기 반기,-20436000000,,,5,KRW,,제 49 기 반기,,
154,20180814001113,11012,2018,00126380,SCE,자본변동표,dart_ChangesInReserveOfGainsAndLossesOnFinancialAssetsMeasuredAtFairValueThroughOtherComprehensiveIncome,기타포괄손익-공정가치 측정 금융자산 평가손익,자본 [member]|지배기업 소유주지분,제 50 기 반기,-77449000000,,,5,KRW,,제 49 기 반기,,
155,20180814001113,11012,2018,00126380,SCE,자본변동표,dart_ChangesInReserveOfGainsAndLossesOnFinancialAssetsMeasuredAtFairValueThroughOtherComprehensiveIncome,기타포괄손익-공정가치 측정 금융자산 평가손익,자본 [member]|지배기업 소유주지분|기타자본항목,제 50 기 반기,-80136000000,,,5,KRW,,제 49 기 반기,,
156,20180814001113,11012,2018,00126380,SCE,자본변동표,dart_ChangesInReserveOfGainsAndLossesOnFinancialAssetsMeasuredAtFairValueThroughOtherComprehensiveIncome,기타포괄손익-공정가치 측정 금융자산 평가손익,자본 [member]|지배기업 소유주지분|이익잉여금 [member],제 50 기 반기,2687000000,,,5,KRW,,제 49 기 반기,,
157,20180814001113,11012,2018,00126380,SCE,자본변동표,-표준계정코드 미사용-,매도가능금융자산평가,연결재무제표 [member],제 50 기 반기,,,,6,KRW,,제 49 기 반기,505306000000,
158,20180814001113,11012,2018,00126380,SCE,자본변동표,-표준계정코드 미사용-,매도가능금융자산평가,자본 [member]|비지배지분 [member],제 50 기 반기,,,,6,KRW,,제 49 기 반기,40283000000,
159,20180814001113,11012,2018,00126380,SCE,자본변동표,-표준계정코드 미사용-,매도가능금융자산평가,자본 [member]|지배기업 소유주지분,제 50 기 반기,,,,6,KRW,,제 49 기 반기,465023000000,
160,20180814001113,11012,2018,00126380,SCE,자본변동표,-표준계정코드 미사용-,매도가능금융자산평가,자본 [member]|지배기업 소유주지분|기타자본항목,제 50 기 반기,,,,6,KRW,,제 49 기 반기,465023000000,
161,20180814001113,11012,2018,00126380,SCE,자본변동표,-표준계정코드 미사용-,관계기업 및 공동기업의 기타포괄손익에 대한 지분,연결재무제표 [member],제 50 기 반기,39849000000,,,7,KRW,,제 49 기 반기,12922000000,
162,20180814001113,11012,2018,00126380,SCE,자본변동표,-표준계정코드 미사용-,관계기업 및 공동기업의 기타포괄손익에 대한 지분,자본 [member]|비지배지분 [member],제 50 기 반기,133000000,,,7,KRW,,제 49 기 반기,-1087000000,
163,20180814001113,11012,2018,00126380,SCE,자본변동표,-표준계정코드 미사용-,관계기업 및 공동기업의 기타포괄손익에 대한 지분,자본 [member]|지배기업 소유주지분,제 50 기 반기,39716000000,,,7,KRW,,제 49 기 반기,14009000000,
164,20180814001113,11012,2018,00126380,SCE,자본변동표,-표준계정코드 미사용-,관계기업 및 공동기업의 기타포괄손익에 대한 지분,자본 [member]|지배기업 소유주지분|기타자본항목,제 50 기 반기,39716000000,,,7,KRW,,제 49 기 반기,14009000000,
165,20180814001113,11012,2018,00126380,SCE,자본변동표,-표준계정코드 미사용-,해외사업장환산외환차이,연결재무제표 [member],제 50 기 반기,2224931000000,,,8,KRW,,제 49 기 반기,-2380295000000,
166,20180814001113,11012,2018,00126380,SCE,자본변동표,-표준계정코드 미사용-,해외사업장환산외환차이,자본 [member]|비지배지분 [member],제 50 기 반기,57431000000,,,8,KRW,,제 49 기 반기,18962000000,
167,20180814001113,11012,2018,00126380,SCE,자본변동표,-표준계정코드 미사용-,해외사업장환산외환차이,자본 [member]|지배기업 소유주지분,제 50 기 반기,2167500000000,,,8,KRW,,제 49 기 반기,-2399257000000,
168,20180814001113,11012,2018,00126380,SCE,자본변동표,-표준계정코드 미사용-,해외사업장환산외환차이,자본 [member]|지배기업 소유주지분|기타자본항목,제 50 기 반기,2167500000000,,,8,KRW,,제 49 기 반기,-2399257000000,
169,20180814001113,11012,2018,00126380,SCE,자본변동표,-표준계정코드 미사용-,순확정급여부채(자산) 재측정요소,연결재무제표 [member],제 50 기 반기,-55050000000,,,9,KRW,,제 49 기 반기,-56851000000,
170,20180814001113,11012,2018,00126380,SCE,자본변동표,-표준계정코드 미사용-,순확정급여부채(자산) 재측정요소,자본 [member]|비지배지분 [member],제 50 기 반기,-68000000,,,9,KRW,,제 49 기 반기,-43000000,
171,20180814001113,11012,2018,00126380,SCE,자본변동표,-표준계정코드 미사용-,순확정급여부채(자산) 재측정요소,자본 [member]|지배기업 소유주지분,제 50 기 반기,-54982000000,,,9,KRW,,제 49 기 반기,-56808000000,
172,20180814001113,11012,2018,00126380,SCE,자본변동표,-표준계정코드 미사용-,순확정급여부채(자산) 재측정요소,자본 [member]|지배기업 소유주지분|기타자본항목,제 50 기 반기,-54982000000,,,9,KRW,,제 49 기 반기,-56808000000,
173,20180814001113,11012,2018,00126380,SCE,자본변동표,-표준계정코드 미사용-,현금흐름위험회피파생상품평가손익,연결재무제표 [member],제 50 기 반기,37247000000,,,10,KRW,,제 49 기 반기,-44695000000,
174,20180814001113,11012,2018,00126380,SCE,자본변동표,-표준계정코드 미사용-,현금흐름위험회피파생상품평가손익,자본 [member]|지배기업 소유주지분,제 50 기 반기,37247000000,,,10,KRW,,제 49 기 반기,-44695000000,
175,20180814001113,11012,2018,00126380,SCE,자본변동표,-표준계정코드 미사용-,현금흐름위험회피파생상품평가손익,자본 [member]|지배기업 소유주지분|기타자본항목,제 50 기 반기,37247000000,,,10,KRW,,제 49 기 반기,-44695000000,
176,20180814001113,11012,2018,00126380,SCE,자본변동표,-표준계정코드 미사용-,매각예정분류,자본 [member]|지배기업 소유주지분|기타자본항목,제 50 기 반기,,,,11,KRW,,제 49 기 반기,-28358000000,
177,20180814001113,11012,2018,00126380,SCE,자본변동표,-표준계정코드 미사용-,매각예정분류,자본 [member]|지배기업 소유주지분|매각예정분류기타자본항목,제 50 기 반기,,,,11,KRW,,제 49 기 반기,28358000000,
178,20180814001113,11012,2018,00126380,SCE,자본변동표,ifrs_DividendsPaid,배당,연결재무제표 [member],제 50 기 반기,5336601000000,,,12,KRW,,제 49 기 반기,4824824000000,
179,20180814001113,11012,2018,00126380,SCE,자본변동표,ifrs_DividendsPaid,배당,자본 [member]|비지배지분 [member],제 50 기 반기,2466000000,,,12,KRW,,제 49 기 반기,2100000000,
180,20180814001113,11012,2018,00126380,SCE,자본변동표,ifrs_DividendsPaid,배당,자본 [member]|지배기업 소유주지분,제 50 기 반기,5334135000000,,,12,KRW,,제 49 기 반기,4822724000000,
181,20180814001113,11012,2018,00126380,SCE,자본변동표,ifrs_DividendsPaid,배당,자본 [member]|지배기업 소유주지분|이익잉여금 [member],제 50 기 반기,5334135000000,,,12,KRW,,제 49 기 반기,4822724000000,
182,20180814001113,11012,2018,00126380,SCE,자본변동표,dart_ChangesInConsolidatedCompanies,연결실체내 자본거래 등,연결재무제표 [member],제 50 기 반기,2973000000,,,13,KRW,,제 49 기 반기,5803000000,
183,20180814001113,11012,2018,00126380,SCE,자본변동표,dart_ChangesInConsolidatedCompanies,연결실체내 자본거래 등,자본 [member]|비지배지분 [member],제 50 기 반기,1254000000,,,13,KRW,,제 49 기 반기,6433000000,
184,20180814001113,11012,2018,00126380,SCE,자본변동표,dart_ChangesInConsolidatedCompanies,연결실체내 자본거래 등,자본 [member]|지배기업 소유주지분,제 50 기 반기,1719000000,,,13,KRW,,제 49 기 반기,-630000000,
185,20180814001113,11012,2018,00126380,SCE,자본변동표,dart_ChangesInConsolidatedCompanies,연결실체내 자본거래 등,자본 [member]|지배기업 소유주지분|기타자본항목,제 50 기 반기,1719000000,,,13,KRW,,제 49 기 반기,-630000000,
186,20180814001113,11012,2018,00126380,SCE,자본변동표,-표준계정코드 미사용-,연결실체의 변동,연결재무제표 [member],제 50 기 반기,-39000000,,,14,KRW,,제 49 기 반기,,
187,20180814001113,11012,2018,00126380,SCE,자본변동표,-표준계정코드 미사용-,연결실체의 변동,자본 [member]|비지배지분 [member],제 50 기 반기,-39000000,,,14,KRW,,제 49 기 반기,,
188,20180814001113,11012,2018,00126380,SCE,자본변동표,dart_TreasuryShareTransactions,자기주식의 취득,연결재무제표 [member],제 50 기 반기,-875111000000,,,15,KRW,,제 49 기 반기,-4214232000000,
189,20180814001113,11012,2018,00126380,SCE,자본변동표,dart_TreasuryShareTransactions,자기주식의 취득,자본 [member]|지배기업 소유주지분,제 50 기 반기,-875111000000,,,15,KRW,,제 49 기 반기,-4214232000000,
190,20180814001113,11012,2018,00126380,SCE,자본변동표,dart_TreasuryShareTransactions,자기주식의 취득,자본 [member]|지배기업 소유주지분|기타자본항목,제 50 기 반기,-875111000000,,,15,KRW,,제 49 기 반기,-4214232000000,
191,20180814001113,11012,2018,00126380,SCE,자본변동표,-표준계정코드 미사용-,자기주식의 소각,자본 [member]|지배기업 소유주지분|기타자본항목,제 50 기 반기,2228135000000,,,16,KRW,,제 49 기 반기,7328108000000,
192,20180814001113,11012,2018,00126380,SCE,자본변동표,-표준계정코드 미사용-,자기주식의 소각,자본 [member]|지배기업 소유주지분|이익잉여금 [member],제 50 기 반기,-2228135000000,,,16,KRW,,제 49 기 반기,-7328108000000,
193,20180814001113,11012,2018,00126380,SCE,자본변동표,dart_OtherTransactions,기타거래,연결재무제표 [member],제 50 기 반기,2705000000,,,17,KRW,,제 49 기 반기,1376000000,
194,20180814001113,11012,2018,00126380,SCE,자본변동표,dart_OtherTransactions,기타거래,자본 [member]|비지배지분 [member],제 50 기 반기,1031000000,,,17,KRW,,제 49 기 반기,403000000,
195,20180814001113,11012,2018,00126380,SCE,자본변동표,dart_OtherTransactions,기타거래,자본 [member]|지배기업 소유주지분,제 50 기 반기,1674000000,,,17,KRW,,제 49 기 반기,973000000,
196,20180814001113,11012,2018,00126380,SCE,자본변동표,dart_OtherTransactions,기타거래,자본 [member]|지배기업 소유주지분|기타자본항목,제 50 기 반기,1674000000,,,17,KRW,,제 49 기 반기,973000000,
197,20180814001113,11012,2018,00126380,SCE,자본변동표,ifrs_Equity,기말자본,자본 [member]|지배기업 소유주지분|기타자본항목,제 50 기 반기,-10695163000000,,,18,KRW,,제 49 기 반기,-10870453000000,
198,20180814001113,11012,2018,00126380,SCE,자본변동표,ifrs_Equity,기말자본,자본 [member]|지배기업 소유주지분|매각예정분류기타자본항목,제 50 기 반기,,,,18,KRW,,제 49 기 반기,-452000000,
199,20180814001113,11012,2018,00126380,SCE,자본변동표,ifrs_Equity,기말자본,자본 [member]|지배기업 소유주지분|이익잉여금 [member],제 50 기 반기,231065173000000,,,18,KRW,,제 49 기 반기,199223959000000,
200,20180814001113,11012,2018,00126380,SCE,자본변동표,ifrs_Equity,기말자본,자본 [member]|지배기업 소유주지분|자본금 [member],제 50 기 반기,897514000000,,,18,KRW,,제 49 기 반기,897514000000,
201,20180814001113,11012,2018,00126380,SCE,자본변동표,ifrs_Equity,기말자본,자본 [member]|지배기업 소유주지분|주식발행초과금,제 50 기 반기,4403893000000,,,18,KRW,,제 49 기 반기,4403893000000,
202,20180814001113,11012,2018,00126380,SCE,자본변동표,ifrs_Equity,기말자본,연결재무제표 [member],제 50 기 반기,233124845000000,,,18,KRW,,제 49 기 반기,200705748000000,
203,20180814001113,11012,2018,00126380,SCE,자본변동표,ifrs_Equity,기말자본,자본 [member]|비지배지분 [member],제 50 기 반기,7453428000000,,,18,KRW,,제 49 기 반기,7051287000000,
204,20180814001113,11012,2018,00126380,SCE,자본변동표,ifrs_Equity,기말자본,자본 [member]|지배기업 소유주지분,제 50 기 반기,225671417000000,,,18,KRW,,제 49 기 반기,193654461000000,
